Quarter,State,Male,Female,TotalPopulation,NaturalIncrease,NetOverseasMigration,NetInterstateMigration,,,,,,,,,,,,,,,,,,,,,,,,,,,,,,,,,,,,,,,,,
2014-Q1,Australian Capital Territory,192656,195534,388190,1007,1463,-536,,,,,,,,,,,,,,,,,,,,,,,,,,,,,,,,,,,,,,,,,
2014-Q1,New South Wales,3714264,3773570,7487834,12341,21805,-957,,,,,,,,,,,,,,,,,,,,,,,,,,,,,,,,,,,,,,,,,
2014-Q1,Northern Territory,127065,115725,242790,720,645,-622,,,,,,,,,,,,,,,,,,,,,,,,,,,,,,,,,,,,,,,,,
2014-Q1,Queensland,2343145,2362042,4705187,9665,9754,911,,,,,,,,,,,,,,,,,,,,,,,,,,,,,,,,,,,,,,,,,
2014-Q1,South Australia,833675,849869,1683544,2140,4061,-837,,,,,,,,,,,,,,,,,,,,,,,,,,,,,,,,,,,,,,,,,
2014-Q1,Tasmania,255134,258547,513681,507,589,-44,,,,,,,,,,,,,,,,,,,,,,,,,,,,,,,,,,,,,,,,,
2014-Q1,Victoria,2902774,2966737,5869511,10589,19573,2655,,,,,,,,,,,,,,,,,,,,,,,,,,,,,,,,,,,,,,,,,
2014-Q1,Western Australia,1264796,1247760,2512556,5699,7143,-570,,,,,,,,,,,,,,,,,,,,,,,,,,,,,,,,,,,,,,,,,
2014-Q2,Australian Capital Territory,192913,195886,388799,881,276,-484,,,,,,,,,,,,,,,,,,,,,,,,,,,,,,,,,,,,,,,,,
2014-Q2,New South Wales,3724215,3784138,7508353,11073,11375,-1615,,,,,,,,,,,,,,,,,,,,,,,,,,,,,,,,,,,,,,,,,
2014-Q2,Northern Territory,127079,115815,242894,769,232,-633,,,,,,,,,,,,,,,,,,,,,,,,,,,,,,,,,,,,,,,,,
2014-Q2,Queensland,2349563,2370090,4719653,8760,4504,1779,,,,,,,,,,,,,,,,,,,,,,,,,,,,,,,,,,,,,,,,,
2014-Q2,South Australia,835164,851781,1686945,1876,2154,-760,,,,,,,,,,,,,,,,,,,,,,,,,,,,,,,,,,,,,,,,,
2014-Q2,Tasmania,255008,258613,513621,251,289,-218,,,,,,,,,,,,,,,,,,,,,,,,,,,,,,,,,,,,,,,,,
2014-Q2,Victoria,2915277,2979640,5894917,9315,9388,2594,,,,,,,,,,,,,,,,,,,,,,,,,,,,,,,,,,,,,,,,,
2014-Q2,Western Australia,1266894,1250714,2517608,5494,2136,-663,,,,,,,,,,,,,,,,,,,,,,,,,,,,,,,,,,,,,,,,,
2014-Q3,Australian Capital Territory,193786,196868,390654,928,1144,-180,,,,,,,,,,,,,,,,,,,,,,,,,,,,,,,,,,,,,,,,,
2014-Q3,New South Wales,3737719,3798558,7536277,9978,19303,-1184,,,,,,,,,,,,,,,,,,,,,,,,,,,,,,,,,,,,,,,,,
2014-Q3,Northern Territory,127036,116165,243201,643,236,-305,,,,,,,,,,,,,,,,,,,,,,,,,,,,,,,,,,,,,,,,,
2014-Q3,Queensland,2356039,2378574,4734613,8153,5740,1653,,,,,,,,,,,,,,,,,,,,,,,,,,,,,,,,,,,,,,,,,
2014-Q3,South Australia,836736,853397,1690133,1380,2573,-926,,,,,,,,,,,,,,,,,,,,,,,,,,,,,,,,,,,,,,,,,
2014-Q3,Tasmania,255014,258884,513898,332,376,-65,,,,,,,,,,,,,,,,,,,,,,,,,,,,,,,,,,,,,,,,,
2014-Q3,Victoria,2930934,2996265,5927199,9341,16879,1703,,,,,,,,,,,,,,,,,,,,,,,,,,,,,,,,,,,,,,,,,
2014-Q3,Western Australia,1269642,1254400,2524042,5159,3936,-696,,,,,,,,,,,,,,,,,,,,,,,,,,,,,,,,,,,,,,,,,
2014-Q4,Australian Capital Territory,194291,197690,391981,978,330,69,,,,,,,,,,,,,,,,,,,,,,,,,,,,,,,,,,,,,,,,,
2014-Q4,New South Wales,3750061,3812110,7562171,12029,15869,-1826,,,,,,,,,,,,,,,,,,,,,,,,,,,,,,,,,,,,,,,,,
2014-Q4,Northern Territory,126742,116011,242753,660,28,-879,,,,,,,,,,,,,,,,,,,,,,,,,,,,,,,,,,,,,,,,,
2014-Q4,Queensland,2361282,2385981,4747263,8375,3035,1836,,,,,,,,,,,,,,,,,,,,,,,,,,,,,,,,,,,,,,,,,
2014-Q4,South Australia,838094,855013,1693107,1756,2186,-1134,,,,,,,,,,,,,,,,,,,,,,,,,,,,,,,,,,,,,,,,,
2014-Q4,Tasmania,254973,259067,514040,330,471,-297,,,,,,,,,,,,,,,,,,,,,,,,,,,,,,,,,,,,,,,,,
2014-Q4,Victoria,2945763,3011749,5957512,10112,12553,3289,,,,,,,,,,,,,,,,,,,,,,,,,,,,,,,,,,,,,,,,,
2014-Q4,Western Australia,1271552,1257067,2528619,5298,2297,-1058,,,,,,,,,,,,,,,,,,,,,,,,,,,,,,,,,,,,,,,,,
2015-Q1,Australian Capital Territory,195574,198917,394491,967,1555,47,,,,,,,,,,,,,,,,,,,,,,,,,,,,,,,,,,,,,,,,,
2015-Q1,New South Wales,3766915,3828816,7595731,12461,22897,-1662,,,,,,,,,,,,,,,,,,,,,,,,,,,,,,,,,,,,,,,,,
2015-Q1,Northern Territory,126740,116319,243059,763,715,-896,,,,,,,,,,,,,,,,,,,,,,,,,,,,,,,,,,,,,,,,,
2015-Q1,Queensland,2368799,2395640,4764439,8412,7978,1382,,,,,,,,,,,,,,,,,,,,,,,,,,,,,,,,,,,,,,,,,
2015-Q1,South Australia,840589,857844,1698433,1795,4297,-937,,,,,,,,,,,,,,,,,,,,,,,,,,,,,,,,,,,,,,,,,
2015-Q1,Tasmania,255310,259502,514812,400,601,148,,,,,,,,,,,,,,,,,,,,,,,,,,,,,,,,,,,,,,,,,
2015-Q1,Victoria,2964190,3031015,5995205,10092,20105,3105,,,,,,,,,,,,,,,,,,,,,,,,,,,,,,,,,,,,,,,,,
2015-Q1,Western Australia,1275265,1261339,2536604,5501,5620,-1188,,,,,,,,,,,,,,,,,,,,,,,,,,,,,,,,,,,,,,,,,
2015-Q2,Australian Capital Territory,196237,199576,395813,946,467,-39,,,,,,,,,,,,,,,,,,,,,,,,,,,,,,,,,,,,,,,,,
2015-Q2,New South Wales,3776574,3839594,7616168,10455,12240,-2104,,,,,,,,,,,,,,,,,,,,,,,,,,,,,,,,,,,,,,,,,
2015-Q2,Northern Territory,127914,116778,244692,791,1375,-261,,,,,,,,,,,,,,,,,,,,,,,,,,,,,,,,,,,,,,,,,
2015-Q2,Queensland,2374439,2403253,4777692,8177,3681,1990,,,,,,,,,,,,,,,,,,,,,,,,,,,,,,,,,,,,,,,,,
2015-Q2,South Australia,841522,859146,1700668,1541,2096,-1573,,,,,,,,,,,,,,,,,,,,,,,,,,,,,,,,,,,,,,,,,
2015-Q2,Tasmania,255359,259758,515117,267,75,341,,,,,,,,,,,,,,,,,,,,,,,,,,,,,,,,,,,,,,,,,
2015-Q2,Victoria,2977200,3045122,6022322,8598,11157,2982,,,,,,,,,,,,,,,,,,,,,,,,,,,,,,,,,,,,,,,,,
2015-Q2,Western Australia,1276698,1263974,2540672,5138,2218,-1336,,,,,,,,,,,,,,,,,,,,,,,,,,,,,,,,,,,,,,,,,
2015-Q3,Australian Capital Territory,197122,200418,397540,896,952,-96,,,,,,,,,,,,,,,,,,,,,,,,,,,,,,,,,,,,,,,,,
2015-Q3,New South Wales,3790716,3854608,7645324,10185,20471,-2006,,,,,,,,,,,,,,,,,,,,,,,,,,,,,,,,,,,,,,,,,
2015-Q3,Northern Territory,127486,117084,244570,674,-284,-298,,,,,,,,,,,,,,,,,,,,,,,,,,,,,,,,,,,,,,,,,
2015-Q3,Queensland,2380319,2411201,4791520,7576,4594,2119,,,,,,,,,,,,,,,,,,,,,,,,,,,,,,,,,,,,,,,,,
2015-Q3,South Australia,842864,860839,1703703,1205,2709,-1272,,,,,,,,,,,,,,,,,,,,,,,,,,,,,,,,,,,,,,,,,
2015-Q3,Tasmania,255551,260146,515697,117,486,315,,,,,,,,,,,,,,,,,,,,,,,,,,,,,,,,,,,,,,,,,
2015-Q3,Victoria,2994248,3063310,6057558,9224,18147,2661,,,,,,,,,,,,,,,,,,,,,,,,,,,,,,,,,,,,,,,,,
2015-Q3,Western Australia,1278462,1267047,2545509,4880,3304,-1425,,,,,,,,,,,,,,,,,,,,,,,,,,,,,,,,,,,,,,,,,
2015-Q4,Australian Capital Territory,197696,201178,398874,962,296,113,,,,,,,,,,,,,,,,,,,,,,,,,,,,,,,,,,,,,,,,,
2015-Q4,New South Wales,3803289,3868112,7671401,11479,17230,-3131,,,,,,,,,,,,,,,,,,,,,,,,,,,,,,,,,,,,,,,,,
2015-Q4,Northern Territory,126967,117123,244090,623,-262,-626,,,,,,,,,,,,,,,,,,,,,,,,,,,,,,,,,,,,,,,,,
2015-Q4,Queensland,2385347,2419586,4804933,7410,3227,3250,,,,,,,,,,,,,,,,,,,,,,,,,,,,,,,,,,,,,,,,,
2015-Q4,South Australia,843702,862235,1705937,1671,2149,-1972,,,,,,,,,,,,,,,,,,,,,,,,,,,,,,,,,,,,,,,,,
2015-Q4,Tasmania,255452,260242,515694,248,251,-185,,,,,,,,,,,,,,,,,,,,,,,,,,,,,,,,,,,,,,,,,
2015-Q4,Victoria,3011376,3081673,6093049,10306,14782,5197,,,,,,,,,,,,,,,,,,,,,,,,,,,,,,,,,,,,,,,,,
2015-Q4,Western Australia,1278792,1268953,2547745,5205,1599,-2651,,,,,,,,,,,,,,,,,,,,,,,,,,,,,,,,,,,,,,,,,
2016-Q1,Australian Capital Territory,199141,202532,401673,998,1643,214,,,,,,,,,,,,,,,,,,,,,,,,,,,,,,,,,,,,,,,,,
2016-Q1,New South Wales,3821409,3886003,7707412,12677,26055,-3262,,,,,,,,,,,,,,,,,,,,,,,,,,,,,,,,,,,,,,,,,
2016-Q1,Northern Territory,127066,117561,244627,754,615,-612,,,,,,,,,,,,,,,,,,,,,,,,,,,,,,,,,,,,,,,,,
2016-Q1,Queensland,2394996,2431542,4826538,9012,9874,3187,,,,,,,,,,,,,,,,,,,,,,,,,,,,,,,,,,,,,,,,,
2016-Q1,South Australia,845824,864510,1710334,1970,3898,-1865,,,,,,,,,,,,,,,,,,,,,,,,,,,,,,,,,,,,,,,,,
2016-Q1,Tasmania,255937,260924,516861,499,771,240,,,,,,,,,,,,,,,,,,,,,,,,,,,,,,,,,,,,,,,,,
2016-Q1,Victoria,3034156,3104471,6138627,10943,24794,4602,,,,,,,,,,,,,,,,,,,,,,,,,,,,,,,,,,,,,,,,,
2016-Q1,Western Australia,1281787,1272719,2554506,5821,5362,-2511,,,,,,,,,,,,,,,,,,,,,,,,,,,,,,,,,,,,,,,,,
2016-Q2,Australian Capital Territory,199780,203324,403104,878,439,152,,,,,,,,,,,,,,,,,,,,,,,,,,,,,,,,,,,,,,,,,
2016-Q2,New South Wales,3833807,3899051,7732858,11814,16251,-3140,,,,,,,,,,,,,,,,,,,,,,,,,,,,,,,,,,,,,,,,,
2016-Q2,Northern Territory,127676,118002,245678,786,979,-493,,,,,,,,,,,,,,,,,,,,,,,,,,,,,,,,,,,,,,,,,
2016-Q2,Queensland,2403173,2441979,4845152,8388,7257,3430,,,,,,,,,,,,,,,,,,,,,,,,,,,,,,,,,,,,,,,,,
2016-Q2,South Australia,846877,865966,1712843,1693,2527,-2103,,,,,,,,,,,,,,,,,,,,,,,,,,,,,,,,,,,,,,,,,
2016-Q2,Tasmania,256213,261301,517514,330,263,390,,,,,,,,,,,,,,,,,,,,,,,,,,,,,,,,,,,,,,,,,
2016-Q2,Victoria,3051056,3122116,6173172,9652,14492,5179,,,,,,,,,,,,,,,,,,,,,,,,,,,,,,,,,,,,,,,,,
2016-Q2,Western Australia,1281968,1274010,2555978,5456,1356,-3423,,,,,,,,,,,,,,,,,,,,,,,,,,,,,,,,,,,,,,,,,
2016-Q3,Australian Capital Territory,201226,204814,406040,912,1322,367,,,,,,,,,,,,,,,,,,,,,,,,,,,,,,,,,,,,,,,,,
2016-Q3,New South Wales,3851341,3916574,7767915,10332,30126,-2454,,,,,,,,,,,,,,,,,,,,,,,,,,,,,,,,,,,,,,,,,
2016-Q3,Northern Territory,128021,118422,246443,690,560,-218,,,,,,,,,,,,,,,,,,,,,,,,,,,,,,,,,,,,,,,,,
2016-Q3,Queensland,2412647,2452656,4865303,7657,9353,3379,,,,,,,,,,,,,,,,,,,,,,,,,,,,,,,,,,,,,,,,,
2016-Q3,South Australia,848913,868362,1717275,1370,3418,-1420,,,,,,,,,,,,,,,,,,,,,,,,,,,,,,,,,,,,,,,,,
2016-Q3,Tasmania,257303,262303,519606,242,554,309,,,,,,,,,,,,,,,,,,,,,,,,,,,,,,,,,,,,,,,,,
2016-Q3,Victoria,3067208,3138644,6205852,9347,24517,2432,,,,,,,,,,,,,,,,,,,,,,,,,,,,,,,,,,,,,,,,,
2016-Q3,Western Australia,1285802,1278690,2564492,4731,3803,-2395,,,,,,,,,,,,,,,,,,,,,,,,,,,,,,,,,,,,,,,,,
2016-Q4,Australian Capital Territory,202502,206376,408878,883,443,1178,,,,,,,,,,,,,,,,,,,,,,,,,,,,,,,,,,,,,,,,,
2016-Q4,New South Wales,3865361,3930264,7795625,11344,23770,-4462,,,,,,,,,,,,,,,,,,,,,,,,,,,,,,,,,,,,,,,,,
2016-Q4,Northern Territory,127526,118539,246065,700,-67,-746,,,,,,,,,,,,,,,,,,,,,,,,,,,,,,,,,,,,,,,,,
2016-Q4,Queensland,2421215,2461724,4882939,7296,5943,4626,,,,,,,,,,,,,,,,,,,,,,,,,,,,,,,,,,,,,,,,,
2016-Q4,South Australia,849914,869666,1719580,1283,2264,-2305,,,,,,,,,,,,,,,,,,,,,,,,,,,,,,,,,,,,,,,,,
2016-Q4,Tasmania,258456,263525,521981,214,689,485,,,,,,,,,,,,,,,,,,,,,,,,,,,,,,,,,,,,,,,,,
2016-Q4,Victoria,3082379,3153402,6235781,9564,19105,4893,,,,,,,,,,,,,,,,,,,,,,,,,,,,,,,,,,,,,,,,,
2016-Q4,Western Australia,1288303,1281303,2569606,4953,1442,-3669,,,,,,,,,,,,,,,,,,,,,,,,,,,,,,,,,,,,,,,,,
2017-Q1,Australian Capital Territory,204507,208510,413017,941,1930,937,,,,,,,,,,,,,,,,,,,,,,,,,,,,,,,,,,,,,,,,,
2017-Q1,New South Wales,3884979,3948484,7833463,12366,33051,-4608,,,,,,,,,,,,,,,,,,,,,,,,,,,,,,,,,,,,,,,,,
2017-Q1,Northern Territory,127381,118850,246231,687,434,-697,,,,,,,,,,,,,,,,,,,,,,,,,,,,,,,,,,,,,,,,,
2017-Q1,Queensland,2433121,2473249,4906370,7949,11370,4351,,,,,,,,,,,,,,,,,,,,,,,,,,,,,,,,,,,,,,,,,
2017-Q1,South Australia,852662,872591,1725253,1726,4219,-1346,,,,,,,,,,,,,,,,,,,,,,,,,,,,,,,,,,,,,,,,,
2017-Q1,Tasmania,259739,264835,524574,279,828,506,,,,,,,,,,,,,,,,,,,,,,,,,,,,,,,,,,,,,,,,,
2017-Q1,Victoria,3104443,3174112,6278555,10692,31795,3945,,,,,,,,,,,,,,,,,,,,,,,,,,,,,,,,,,,,,,,,,
2017-Q1,Western Australia,1293034,1286242,2579276,5260,5141,-3088,,,,,,,,,,,,,,,,,,,,,,,,,,,,,,,,,,,,,,,,,
2017-Q2,Australian Capital Territory,205448,209598,415046,807,453,433,,,,,,,,,,,,,,,,,,,,,,,,,,,,,,,,,,,,,,,,,
2017-Q2,New South Wales,3896830,3958486,7855316,10695,18555,-4440,,,,,,,,,,,,,,,,,,,,,,,,,,,,,,,,,,,,,,,,,
2017-Q2,Northern Territory,128104,119308,247412,784,918,-272,,,,,,,,,,,,,,,,,,,,,,,,,,,,,,,,,,,,,,,,,
2017-Q2,Queensland,2443150,2483230,4926380,7705,7409,5138,,,,,,,,,,,,,,,,,,,,,,,,,,,,,,,,,,,,,,,,,
2017-Q2,South Australia,854336,874337,1728673,1304,2274,-1229,,,,,,,,,,,,,,,,,,,,,,,,,,,,,,,,,,,,,,,,,
2017-Q2,Tasmania,260800,265962,526762,295,273,641,,,,,,,,,,,,,,,,,,,,,,,,,,,,,,,,,,,,,,,,,
2017-Q2,Victoria,3116504,3186104,6302608,9395,15826,2478,,,,,,,,,,,,,,,,,,,,,,,,,,,,,,,,,,,,,,,,,
2017-Q2,Western Australia,1295903,1289817,2585720,5196,1623,-2749,,,,,,,,,,,,,,,,,,,,,,,,,,,,,,,,,,,,,,,,,
2017-Q3,Australian Capital Territory,206965,210999,417964,804,1629,157,,,,,,,,,,,,,,,,,,,,,,,,,,,,,,,,,,,,,,,,,
2017-Q3,New South Wales,3912293,3972459,7884752,8451,28130,-4092,,,,,,,,,,,,,,,,,,,,,,,,,,,,,,,,,,,,,,,,,
2017-Q3,Northern Territory,127867,119647,247514,604,100,-340,,,,,,,,,,,,,,,,,,,,,,,,,,,,,,,,,,,,,,,,,
2017-Q3,Queensland,2451354,2493775,4945129,6696,7040,5369,,,,,,,,,,,,,,,,,,,,,,,,,,,,,,,,,,,,,,,,,
2017-Q3,South Australia,856604,876451,1733055,922,3571,-1202,,,,,,,,,,,,,,,,,,,,,,,,,,,,,,,,,,,,,,,,,
2017-Q3,Tasmania,262154,267196,529350,-82,987,685,,,,,,,,,,,,,,,,,,,,,,,,,,,,,,,,,,,,,,,,,
2017-Q3,Victoria,3131735,3201779,6333514,8304,24565,1711,,,,,,,,,,,,,,,,,,,,,,,,,,,,,,,,,,,,,,,,,
2017-Q3,Western Australia,1299493,1294645,2594138,4591,3720,-2288,,,,,,,,,,,,,,,,,,,,,,,,,,,,,,,,,,,,,,,,,
2017-Q4,Australian Capital Territory,207866,212360,420226,813,336,784,,,,,,,,,,,,,,,,,,,,,,,,,,,,,,,,,,,,,,,,,
2017-Q4,New South Wales,3921301,3979645,7900946,10889,15192,-6843,,,,,,,,,,,,,,,,,,,,,,,,,,,,,,,,,,,,,,,,,
2017-Q4,Northern Territory,127285,119577,246862,621,-210,-806,,,,,,,,,,,,,,,,,,,,,,,,,,,,,,,,,,,,,,,,,
2017-Q4,Queensland,2458389,2502576,4960965,6754,1818,7607,,,,,,,,,,,,,,,,,,,,,,,,,,,,,,,,,,,,,,,,,
2017-Q4,South Australia,857807,877847,1735654,1110,2039,-1641,,,,,,,,,,,,,,,,,,,,,,,,,,,,,,,,,,,,,,,,,
2017-Q4,Tasmania,263305,268256,531561,213,483,515,,,,,,,,,,,,,,,,,,,,,,,,,,,,,,,,,,,,,,,,,
2017-Q4,Victoria,3144429,3213781,6358210,10309,14946,3130,,,,,,,,,,,,,,,,,,,,,,,,,,,,,,,,,,,,,,,,,
2017-Q4,Western Australia,1302076,1297852,2599928,4924,1218,-2746,,,,,,,,,,,,,,,,,,,,,,,,,,,,,,,,,,,,,,,,,
2018-Q1,Australian Capital Territory,209495,214315,423810,834,1941,478,,,,,,,,,,,,,,,,,,,,,,,,,,,,,,,,,,,,,,,,,
2018-Q1,New South Wales,3939656,3995032,7934688,12484,30281,-5942,,,,,,,,,,,,,,,,,,,,,,,,,,,,,,,,,,,,,,,,,
2018-Q1,Northern Territory,126965,119709,246674,671,317,-929,,,,,,,,,,,,,,,,,,,,,,,,,,,,,,,,,,,,,,,,,
2018-Q1,Queensland,2470827,2515128,4985955,8262,11337,5753,,,,,,,,,,,,,,,,,,,,,,,,,,,,,,,,,,,,,,,,,
2018-Q1,South Australia,861105,881150,1742255,1736,4715,-950,,,,,,,,,,,,,,,,,,,,,,,,,,,,,,,,,,,,,,,,,
2018-Q1,Tasmania,264817,269937,534754,387,815,995,,,,,,,,,,,,,,,,,,,,,,,,,,,,,,,,,,,,,,,,,
2018-Q1,Victoria,3165233,3233353,6398586,10665,30962,2456,,,,,,,,,,,,,,,,,,,,,,,,,,,,,,,,,,,,,,,,,
2018-Q1,Western Australia,1307249,1303071,2610320,5140,4733,-1861,,,,,,,,,,,,,,,,,,,,,,,,,,,,,,,,,,,,,,,,,
2018-Q2,Australian Capital Territory,210616,215465,426081,747,692,509,,,,,,,,,,,,,,,,,,,,,,,,,,,,,,,,,,,,,,,,,
2018-Q2,New South Wales,3950763,4003713,7954476,11430,17047,-5622,,,,,,,,,,,,,,,,,,,,,,,,,,,,,,,,,,,,,,,,,
2018-Q2,Northern Territory,127221,119874,247095,718,551,-602,,,,,,,,,,,,,,,,,,,,,,,,,,,,,,,,,,,,,,,,,
2018-Q2,Queensland,2481008,2525615,5006623,7644,7546,5834,,,,,,,,,,,,,,,,,,,,,,,,,,,,,,,,,,,,,,,,,
2018-Q2,South Australia,863034,883103,1746137,1263,2399,-879,,,,,,,,,,,,,,,,,,,,,,,,,,,,,,,,,,,,,,,,,
2018-Q2,Tasmania,266108,271183,537291,185,518,834,,,,,,,,,,,,,,,,,,,,,,,,,,,,,,,,,,,,,,,,,
2018-Q2,Victoria,3178223,3244815,6423038,9851,16495,1804,,,,,,,,,,,,,,,,,,,,,,,,,,,,,,,,,,,,,,,,,
2018-Q2,Western Australia,1310728,1307064,2617792,4653,2309,-1878,,,,,,,,,,,,,,,,,,,,,,,,,,,,,,,,,,,,,,,,,
2018-Q3,Australian Capital Territory,211661,216756,428417,759,1259,-9,,,,,,,,,,,,,,,,,,,,,,,,,,,,,,,,,,,,,,,,,
2018-Q3,New South Wales,3966560,4017965,7984525,10545,27542,-4749,,,,,,,,,,,,,,,,,,,,,,,,,,,,,,,,,,,,,,,,,
2018-Q3,Northern Territory,127009,119997,247006,625,51,-513,,,,,,,,,,,,,,,,,,,,,,,,,,,,,,,,,,,,,,,,,
2018-Q3,Queensland,2491065,2536478,5027543,6959,9596,4883,,,,,,,,,,,,,,,,,,,,,,,,,,,,,,,,,,,,,,,,,
2018-Q3,South Australia,865891,885958,1751849,982,4319,-704,,,,,,,,,,,,,,,,,,,,,,,,,,,,,,,,,,,,,,,,,
2018-Q3,Tasmania,267586,272655,540241,237,1129,566,,,,,,,,,,,,,,,,,,,,,,,,,,,,,,,,,,,,,,,,,
2018-Q3,Victoria,3194683,3260293,6454976,8695,25574,1373,,,,,,,,,,,,,,,,,,,,,,,,,,,,,,,,,,,,,,,,,
2018-Q3,Western Australia,1315762,1312359,2628121,4379,4361,-847,,,,,,,,,,,,,,,,,,,,,,,,,,,,,,,,,,,,,,,,,
2018-Q4,Australian Capital Territory,212822,217936,430758,826,-76,1262,,,,,,,,,,,,,,,,,,,,,,,,,,,,,,,,,,,,,,,,,
2018-Q4,New South Wales,3976266,4027298,8003564,11402,18016,-7098,,,,,,,,,,,,,,,,,,,,,,,,,,,,,,,,,,,,,,,,,
2018-Q4,Northern Territory,126108,119812,245920,584,-363,-1065,,,,,,,,,,,,,,,,,,,,,,,,,,,,,,,,,,,,,,,,,
2018-Q4,Queensland,2499842,2546592,5046434,7181,5258,6954,,,,,,,,,,,,,,,,,,,,,,,,,,,,,,,,,,,,,,,,,
2018-Q4,South Australia,867603,888112,1755715,1379,2531,-1154,,,,,,,,,,,,,,,,,,,,,,,,,,,,,,,,,,,,,,,,,
2018-Q4,Tasmania,268840,274087,542927,312,703,649,,,,,,,,,,,,,,,,,,,,,,,,,,,,,,,,,,,,,,,,,
2018-Q4,Victoria,3207192,3272503,6479695,9563,16506,2365,,,,,,,,,,,,,,,,,,,,,,,,,,,,,,,,,,,,,,,,,
2018-Q4,Western Australia,1319834,1316570,2636404,4612,3147,-1913,,,,,,,,,,,,,,,,,,,,,,,,,,,,,,,,,,,,,,,,,
2019-Q1,Australian Capital Territory,214268,219533,433801,886,1399,420,,,,,,,,,,,,,,,,,,,,,,,,,,,,,,,,,,,,,,,,,
2019-Q1,New South Wales,3991886,4041105,8032991,11985,26960,-6209,,,,,,,,,,,,,,,,,,,,,,,,,,,,,,,,,,,,,,,,,
2019-Q1,Northern Territory,126064,119952,246016,673,553,-888,,,,,,,,,,,,,,,,,,,,,,,,,,,,,,,,,,,,,,,,,
2019-Q1,Queensland,2512158,2558148,5070306,7908,11294,5189,,,,,,,,,,,,,,,,,,,,,,,,,,,,,,,,,,,,,,,,,
2019-Q1,South Australia,871205,891684,1762889,1502,5171,-619,,,,,,,,,,,,,,,,,,,,,,,,,,,,,,,,,,,,,,,,,
2019-Q1,Tasmania,270220,275583,545803,314,1026,527,,,,,,,,,,,,,,,,,,,,,,,,,,,,,,,,,,,,,,,,,
2019-Q1,Victoria,3227178,3291538,6518716,10210,30510,2033,,,,,,,,,,,,,,,,,,,,,,,,,,,,,,,,,,,,,,,,,
2019-Q1,Western Australia,1326451,1323190,2649641,4644,6632,-453,,,,,,,,,,,,,,,,,,,,,,,,,,,,,,,,,,,,,,,,,
2019-Q2,Australian Capital Territory,215222,220508,435730,820,227,552,,,,,,,,,,,,,,,,,,,,,,,,,,,,,,,,,,,,,,,,,
2019-Q2,New South Wales,3999452,4047296,8046748,10799,12025,-5774,,,,,,,,,,,,,,,,,,,,,,,,,,,,,,,,,,,,,,,,,
2019-Q2,Northern Territory,126289,120270,246559,642,691,-546,,,,,,,,,,,,,,,,,,,,,,,,,,,,,,,,,,,,,,,,,
2019-Q2,Queensland,2521333,2567514,5088847,7832,5601,5620,,,,,,,,,,,,,,,,,,,,,,,,,,,,,,,,,,,,,,,,,
2019-Q2,South Australia,873494,893901,1767395,1108,3120,-836,,,,,,,,,,,,,,,,,,,,,,,,,,,,,,,,,,,,,,,,,
2019-Q2,Tasmania,271197,276644,547841,221,327,469,,,,,,,,,,,,,,,,,,,,,,,,,,,,,,,,,,,,,,,,,
2019-Q2,Victoria,3236531,3300774,6537305,8719,12886,709,,,,,,,,,,,,,,,,,,,,,,,,,,,,,,,,,,,,,,,,,
2019-Q2,Western Australia,1331167,1328458,2659625,4410,3344,-194,,,,,,,,,,,,,,,,,,,,,,,,,,,,,,,,,,,,,,,,,
2019-Q3,Australian Capital Territory,216702,221931,438633,914,1030,645,,,,,,,,,,,,,,,,,,,,,,,,,,,,,,,,,,,,,,,,,
2019-Q3,New South Wales,4011787,4059563,8071350,10026,23289,-5164,,,,,,,,,,,,,,,,,,,,,,,,,,,,,,,,,,,,,,,,,
2019-Q3,Northern Territory,126004,120673,246677,597,4,-217,,,,,,,,,,,,,,,,,,,,,,,,,,,,,,,,,,,,,,,,,
2019-Q3,Queensland,2531632,2578908,5110540,6416,10440,5598,,,,,,,,,,,,,,,,,,,,,,,,,,,,,,,,,,,,,,,,,
2019-Q3,South Australia,876599,897407,1774006,1183,5081,-773,,,,,,,,,,,,,,,,,,,,,,,,,,,,,,,,,,,,,,,,,
2019-Q3,Tasmania,272225,277722,549947,193,841,45,,,,,,,,,,,,,,,,,,,,,,,,,,,,,,,,,,,,,,,,,
2019-Q3,Victoria,3251565,3316333,6567898,8178,25930,61,,,,,,,,,,,,,,,,,,,,,,,,,,,,,,,,,,,,,,,,,
2019-Q3,Western Australia,1338200,1336046,2674246,4495,7901,-195,,,,,,,,,,,,,,,,,,,,,,,,,,,,,,,,,,,,,,,,,
2019-Q4,Australian Capital Territory,217500,222767,440267,836,-423,912,,,,,,,,,,,,,,,,,,,,,,,,,,,,,,,,,,,,,,,,,
2019-Q4,New South Wales,4019498,4068863,8088361,11010,17010,-7466,,,,,,,,,,,,,,,,,,,,,,,,,,,,,,,,,,,,,,,,,
2019-Q4,Northern Territory,125486,120727,246213,550,-257,-503,,,,,,,,,,,,,,,,,,,,,,,,,,,,,,,,,,,,,,,,,
2019-Q4,Queensland,2540680,2589061,5129741,6808,6580,6548,,,,,,,,,,,,,,,,,,,,,,,,,,,,,,,,,,,,,,,,,
2019-Q4,South Australia,878768,900160,1778928,1203,3271,-657,,,,,,,,,,,,,,,,,,,,,,,,,,,,,,,,,,,,,,,,,
2019-Q4,Tasmania,273893,279447,553340,285,1773,311,,,,,,,,,,,,,,,,,,,,,,,,,,,,,,,,,,,,,,,,,
2019-Q4,Victoria,3262240,3327810,6590050,8835,15737,1159,,,,,,,,,,,,,,,,,,,,,,,,,,,,,,,,,,,,,,,,,
2019-Q4,Western Australia,1345064,1343735,2688799,4808,7628,-304,,,,,,,,,,,,,,,,,,,,,,,,,,,,,,,,,,,,,,,,,
2020-Q1,Australian Capital Territory,218709,224326,443035,831,1579,38,,,,,,,,,,,,,,,,,,,,,,,,,,,,,,,,,,,,,,,,,
2020-Q1,New South Wales,4031001,4081000,8112001,11348,21509,-5647,,,,,,,,,,,,,,,,,,,,,,,,,,,,,,,,,,,,,,,,,
2020-Q1,Northern Territory,125750,121219,246969,655,598,-253,,,,,,,,,,,,,,,,,,,,,,,,,,,,,,,,,,,,,,,,,
2020-Q1,Queensland,2552655,2601650,5154305,7273,12468,5580,,,,,,,,,,,,,,,,,,,,,,,,,,,,,,,,,,,,,,,,,
2020-Q1,South Australia,883328,904519,1787847,1317,6557,-73,,,,,,,,,,,,,,,,,,,,,,,,,,,,,,,,,,,,,,,,,
2020-Q1,Tasmania,275151,280824,555975,320,1061,236,,,,,,,,,,,,,,,,,,,,,,,,,,,,,,,,,,,,,,,,,
2020-Q1,Victoria,3274653,3341983,6616636,9166,21407,-386,,,,,,,,,,,,,,,,,,,,,,,,,,,,,,,,,,,,,,,,,
2020-Q1,Western Australia,1353580,1352770,2706350,4653,9991,505,,,,,,,,,,,,,,,,,,,,,,,,,,,,,,,,,,,,,,,,,
2020-Q2,Australian Capital Territory,219576,225327,444903,762,49,744,,,,,,,,,,,,,,,,,,,,,,,,,,,,,,,,,,,,,,,,,
2020-Q2,New South Wales,4030710,4079900,8110610,10285,-3945,-4173,,,,,,,,,,,,,,,,,,,,,,,,,,,,,,,,,,,,,,,,,
2020-Q2,Northern Territory,126013,121415,247428,698,-56,74,,,,,,,,,,,,,,,,,,,,,,,,,,,,,,,,,,,,,,,,,
2020-Q2,Queensland,2558538,2607075,5165613,7542,-1514,6033,,,,,,,,,,,,,,,,,,,,,,,,,,,,,,,,,,,,,,,,,
2020-Q2,South Australia,884465,905890,1790355,1115,29,250,,,,,,,,,,,,,,,,,,,,,,,,,,,,,,,,,,,,,,,,,
2020-Q2,Tasmania,275981,281597,557578,312,-37,296,,,,,,,,,,,,,,,,,,,,,,,,,,,,,,,,,,,,,,,,,
2020-Q2,Victoria,3273674,3341372,6615046,7959,-2477,-3486,,,,,,,,,,,,,,,,,,,,,,,,,,,,,,,,,,,,,,,,,
2020-Q2,Western Australia,1357131,1355781,2712912,4250,-363,262,,,,,,,,,,,,,,,,,,,,,,,,,,,,,,,,,,,,,,,,,
2020-Q3,Australian Capital Territory,219997,225752,445749,787,-990,768,,,,,,,,,,,,,,,,,,,,,,,,,,,,,,,,,,,,,,,,,
2020-Q3,New South Wales,4025030,4073875,8098905,9794,-10075,-7338,,,,,,,,,,,,,,,,,,,,,,,,,,,,,,,,,,,,,,,,,
2020-Q3,Northern Territory,126133,121622,247755,604,-213,238,,,,,,,,,,,,,,,,,,,,,,,,,,,,,,,,,,,,,,,,,
2020-Q3,Queensland,2562449,2610622,5173071,6978,-6781,8939,,,,,,,,,,,,,,,,,,,,,,,,,,,,,,,,,,,,,,,,,
2020-Q3,South Australia,885335,906843,1792178,968,-1243,874,,,,,,,,,,,,,,,,,,,,,,,,,,,,,,,,,,,,,,,,,
2020-Q3,Tasmania,276962,282465,559427,276,-283,797,,,,,,,,,,,,,,,,,,,,,,,,,,,,,,,,,,,,,,,,,
2020-Q3,Victoria,3261201,3330236,6591437,7625,-20667,-7109,,,,,,,,,,,,,,,,,,,,,,,,,,,,,,,,,,,,,,,,,
2020-Q3,Western Australia,1360726,1359275,2720001,4203,-2317,2831,,,,,,,,,,,,,,,,,,,,,,,,,,,,,,,,,,,,,,,,,
2020-Q4,Australian Capital Territory,220886,226764,447650,796,-1109,1930,,,,,,,,,,,,,,,,,,,,,,,,,,,,,,,,,,,,,,,,,
2020-Q4,New South Wales,4022460,4071840,8094300,9844,-487,-9883,,,,,,,,,,,,,,,,,,,,,,,,,,,,,,,,,,,,,,,,,
2020-Q4,Northern Territory,126047,121772,247819,580,-268,50,,,,,,,,,,,,,,,,,,,,,,,,,,,,,,,,,,,,,,,,,
2020-Q4,Queensland,2568499,2615830,5184329,6303,-5172,11792,,,,,,,,,,,,,,,,,,,,,,,,,,,,,,,,,,,,,,,,,
2020-Q4,South Australia,886475,908039,1794514,1110,-1287,1297,,,,,,,,,,,,,,,,,,,,,,,,,,,,,,,,,,,,,,,,,
2020-Q4,Tasmania,278353,283528,561881,222,-113,1304,,,,,,,,,,,,,,,,,,,,,,,,,,,,,,,,,,,,,,,,,
2020-Q4,Victoria,3248276,3318919,6567195,8315,-18680,-10431,,,,,,,,,,,,,,,,,,,,,,,,,,,,,,,,,,,,,,,,,
2020-Q4,Western Australia,1364994,1363193,2728187,4032,-2155,3941,,,,,,,,,,,,,,,,,,,,,,,,,,,,,,,,,,,,,,,,,
2021-Q1,Australian Capital Territory,221923,227650,449573,969,-591,1243,,,,,,,,,,,,,,,,,,,,,,,,,,,,,,,,,,,,,,,,,
2021-Q1,New South Wales,4022559,4070456,8093015,13071,-806,-9445,,,,,,,,,,,,,,,,,,,,,,,,,,,,,,,,,,,,,,,,,
2021-Q1,Northern Territory,126203,121982,248185,755,43,-142,,,,,,,,,,,,,,,,,,,,,,,,,,,,,,,,,,,,,,,,,
2021-Q1,Queensland,2576494,2623054,5199548,8517,-1701,10090,,,,,,,,,,,,,,,,,,,,,,,,,,,,,,,,,,,,,,,,,
2021-Q1,South Australia,888690,909896,1798586,1863,-763,1755,,,,,,,,,,,,,,,,,,,,,,,,,,,,,,,,,,,,,,,,,
2021-Q1,Tasmania,280006,284834,564840,381,133,1397,,,,,,,,,,,,,,,,,,,,,,,,,,,,,,,,,,,,,,,,,
2021-Q1,Victoria,3242006,3313296,6555302,10424,-9881,-8960,,,,,,,,,,,,,,,,,,,,,,,,,,,,,,,,,,,,,,,,,
2021-Q1,Western Australia,1370712,1368393,2739105,5127,-633,4062,,,,,,,,,,,,,,,,,,,,,,,,,,,,,,,,,,,,,,,,,
2021-Q2,Australian Capital Territory,223361,229147,452508,766,-450,2334,,,,,,,,,,,,,,,,,,,,,,,,,,,,,,,,,,,,,,,,,
2021-Q2,New South Wales,4025393,4071669,8097062,11356,4132,-7342,,,,,,,,,,,,,,,,,,,,,,,,,,,,,,,,,,,,,,,,,
2021-Q2,Northern Territory,126166,121985,248151,712,16,-465,,,,,,,,,,,,,,,,,,,,,,,,,,,,,,,,,,,,,,,,,
2021-Q2,Queensland,2585543,2630271,5215814,7736,808,9402,,,,,,,,,,,,,,,,,,,,,,,,,,,,,,,,,,,,,,,,,
2021-Q2,South Australia,891067,911534,1802601,1419,454,925,,,,,,,,,,,,,,,,,,,,,,,,,,,,,,,,,,,,,,,,,
2021-Q2,Tasmania,281404,285835,567239,300,-57,1099,,,,,,,,,,,,,,,,,,,,,,,,,,,,,,,,,,,,,,,,,
2021-Q2,Victoria,3237594,3310228,6547822,8923,-3831,-9122,,,,,,,,,,,,,,,,,,,,,,,,,,,,,,,,,,,,,,,,,
2021-Q2,Western Australia,1376317,1373048,2749365,4717,12,3169,,,,,,,,,,,,,,,,,,,,,,,,,,,,,,,,,,,,,,,,,
2021-Q3,Australian Capital Territory,223967,229431,453398,825,-659,724,,,,,,,,,,,,,,,,,,,,,,,,,,,,,,,,,,,,,,,,,
2021-Q3,New South Wales,4024825,4071894,8096719,10241,-5899,-4685,,,,,,,,,,,,,,,,,,,,,,,,,,,,,,,,,,,,,,,,,
2021-Q3,Northern Territory,127081,122384,249465,537,593,184,,,,,,,,,,,,,,,,,,,,,,,,,,,,,,,,,,,,,,,,,
2021-Q3,Queensland,2592511,2637518,5230029,6998,-1186,8403,,,,,,,,,,,,,,,,,,,,,,,,,,,,,,,,,,,,,,,,,
2021-Q3,South Australia,891643,912146,1803789,950,-437,675,,,,,,,,,,,,,,,,,,,,,,,,,,,,,,,,,,,,,,,,,
2021-Q3,Tasmania,281853,285976,567829,180,146,264,,,,,,,,,,,,,,,,,,,,,,,,,,,,,,,,,,,,,,,,,
2021-Q3,Victoria,3234792,3308324,6543116,8397,-4985,-8118,,,,,,,,,,,,,,,,,,,,,,,,,,,,,,,,,,,,,,,,,
2021-Q3,Western Australia,1379861,1375722,2755583,4238,-573,2553,,,,,,,,,,,,,,,,,,,,,,,,,,,,,,,,,,,,,,,,,
2021-Q4,Australian Capital Territory,225262,230743,456005,896,922,789,,,,,,,,,,,,,,,,,,,,,,,,,,,,,,,,,,,,,,,,,
2021-Q4,New South Wales,4035537,4081520,8117057,11428,15303,-6393,,,,,,,,,,,,,,,,,,,,,,,,,,,,,,,,,,,,,,,,,
2021-Q4,Northern Territory,127693,122807,250500,582,595,-142,,,,,,,,,,,,,,,,,,,,,,,,,,,,,,,,,,,,,,,,,
2021-Q4,Queensland,2601798,2647874,5249672,6524,1808,11311,,,,,,,,,,,,,,,,,,,,,,,,,,,,,,,,,,,,,,,,,
2021-Q4,South Australia,893667,914172,1807839,1129,1952,969,,,,,,,,,,,,,,,,,,,,,,,,,,,,,,,,,,,,,,,,,
2021-Q4,Tasmania,282872,286737,569609,247,1245,288,,,,,,,,,,,,,,,,,,,,,,,,,,,,,,,,,,,,,,,,,
2021-Q4,Victoria,3240587,3314426,6555013,8292,13337,-9732,,,,,,,,,,,,,,,,,,,,,,,,,,,,,,,,,,,,,,,,,
2021-Q4,Western Australia,1384481,1378759,2763240,4510,237,2910,,,,,,,,,,,,,,,,,,,,,,,,,,,,,,,,,,,,,,,,,
2022-Q1,Australian Capital Territory,227071,232485,459556,853,2117,581,,,,,,,,,,,,,,,,,,,,,,,,,,,,,,,,,,,,,,,,,
2022-Q1,New South Wales,4053658,4099545,8153203,9771,36167,-9792,,,,,,,,,,,,,,,,,,,,,,,,,,,,,,,,,,,,,,,,,
2022-Q1,Northern Territory,128478,123629,252107,640,1041,-74,,,,,,,,,,,,,,,,,,,,,,,,,,,,,,,,,,,,,,,,,
2022-Q1,Queensland,2617810,2665669,5283479,6764,16102,10941,,,,,,,,,,,,,,,,,,,,,,,,,,,,,,,,,,,,,,,,,
2022-Q1,South Australia,899043,919313,1818356,1243,8035,1239,,,,,,,,,,,,,,,,,,,,,,,,,,,,,,,,,,,,,,,,,
2022-Q1,Tasmania,283787,287597,571384,224,1231,320,,,,,,,,,,,,,,,,,,,,,,,,,,,,,,,,,,,,,,,,,
2022-Q1,Victoria,3257565,3334015,6591580,7750,35573,-6756,,,,,,,,,,,,,,,,,,,,,,,,,,,,,,,,,,,,,,,,,
2022-Q1,Western Australia,1392000,1386421,2778421,4411,7229,3541,,,,,,,,,,,,,,,,,,,,,,,,,,,,,,,,,,,,,,,,,
2022-Q2,Australian Capital Territory,227934,233328,461262,658,983,65,,,,,,,,,,,,,,,,,,,,,,,,,,,,,,,,,,,,,,,,,
2022-Q2,New South Wales,4069207,4112891,8182098,8425,25149,-4679,,,,,,,,,,,,,,,,,,,,,,,,,,,,,,,,,,,,,,,,,
2022-Q2,Northern Territory,129134,123966,253100,543,623,-173,,,,,,,,,,,,,,,,,,,,,,,,,,,,,,,,,,,,,,,,,
2022-Q2,Queensland,2630783,2680122,5310905,6439,13835,7152,,,,,,,,,,,,,,,,,,,,,,,,,,,,,,,,,,,,,,,,,
2022-Q2,South Australia,902462,922507,1824969,739,4954,920,,,,,,,,,,,,,,,,,,,,,,,,,,,,,,,,,,,,,,,,,
2022-Q2,Tasmania,284142,288158,572300,186,813,-83,,,,,,,,,,,,,,,,,,,,,,,,,,,,,,,,,,,,,,,,,
2022-Q2,Victoria,3267915,3347317,6615232,7185,22765,-6298,,,,,,,,,,,,,,,,,,,,,,,,,,,,,,,,,,,,,,,,,
2022-Q2,Western Australia,1400045,1393889,2793934,3594,8823,3096,,,,,,,,,,,,,,,,,,,,,,,,,,,,,,,,,,,,,,,,,
2022-Q3,Australian Capital Territory,229200,234815,464015,656,2421,-324,,,,,,,,,,,,,,,,,,,,,,,,,,,,,,,,,,,,,,,,,
2022-Q3,New South Wales,4090263,4133645,8223908,6521,43456,-8167,,,,,,,,,,,,,,,,,,,,,,,,,,,,,,,,,,,,,,,,,
2022-Q3,Northern Territory,129908,124496,254404,557,1068,-321,,,,,,,,,,,,,,,,,,,,,,,,,,,,,,,,,,,,,,,,,
2022-Q3,Queensland,2645698,2696619,5342317,4923,19620,6869,,,,,,,,,,,,,,,,,,,,,,,,,,,,,,,,,,,,,,,,,
2022-Q3,South Australia,906810,926521,1833331,626,7291,445,,,,,,,,,,,,,,,,,,,,,,,,,,,,,,,,,,,,,,,,,
2022-Q3,Tasmania,284320,288470,572790,66,895,-471,,,,,,,,,,,,,,,,,,,,,,,,,,,,,,,,,,,,,,,,,
2022-Q3,Victoria,3288878,3368812,6657690,6040,38053,-1635,,,,,,,,,,,,,,,,,,,,,,,,,,,,,,,,,,,,,,,,,
2022-Q3,Western Australia,1411775,1404132,2815907,3482,14887,3604,,,,,,,,,,,,,,,,,,,,,,,,,,,,,,,,,,,,,,,,,
2022-Q4,Australian Capital Territory,230132,235741,465873,621,1444,-207,,,,,,,,,,,,,,,,,,,,,,,,,,,,,,,,,,,,,,,,,
2022-Q4,New South Wales,4110669,4153379,8264048,8260,42545,-10665,,,,,,,,,,,,,,,,,,,,,,,,,,,,,,,,,,,,,,,,,
2022-Q4,Northern Territory,130444,124850,255294,515,895,-520,,,,,,,,,,,,,,,,,,,,,,,,,,,,,,,,,,,,,,,,,
2022-Q4,Queensland,2662454,2714224,5376678,5223,19114,10024,,,,,,,,,,,,,,,,,,,,,,,,,,,,,,,,,,,,,,,,,
2022-Q4,South Australia,910235,929952,1840187,760,6019,77,,,,,,,,,,,,,,,,,,,,,,,,,,,,,,,,,,,,,,,,,
2022-Q4,Tasmania,284586,288757,573343,188,1447,-1082,,,,,,,,,,,,,,,,,,,,,,,,,,,,,,,,,,,,,,,,,
2022-Q4,Victoria,3310463,3389932,6700395,7246,37589,-2130,,,,,,,,,,,,,,,,,,,,,,,,,,,,,,,,,,,,,,,,,
2022-Q4,Western Australia,1424238,1415285,2839523,3516,15597,4503,,,,,,,,,,,,,,,,,,,,,,,,,,,,,,,,,,,,,,,,,
2023-Q1,Australian Capital Territory,231674,237511,469185,670,3017,-375,,,,,,,,,,,,,,,,,,,,,,,,,,,,,,,,,,,,,,,,,
2023-Q1,New South Wales,4137998,4179331,8317329,8990,52442,-8151,,,,,,,,,,,,,,,,,,,,,,,,,,,,,,,,,,,,,,,,,
2023-Q1,Northern Territory,131182,125284,256466,532,1327,-687,,,,,,,,,,,,,,,,,,,,,,,,,,,,,,,,,,,,,,,,,
2023-Q1,Queensland,2681859,2733927,5415786,5720,26522,6866,,,,,,,,,,,,,,,,,,,,,,,,,,,,,,,,,,,,,,,,,
2023-Q1,South Australia,915786,935228,1851014,944,9708,175,,,,,,,,,,,,,,,,,,,,,,,,,,,,,,,,,,,,,,,,,
2023-Q1,Tasmania,284780,289056,573836,249,1461,-1217,,,,,,,,,,,,,,,,,,,,,,,,,,,,,,,,,,,,,,,,,
2023-Q1,Victoria,3338832,3418419,6757251,7886,50020,-1050,,,,,,,,,,,,,,,,,,,,,,,,,,,,,,,,,,,,,,,,,
2023-Q1,Western Australia,1439676,1428802,2868478,3521,20995,4439,,,,,,,,,,,,,,,,,,,,,,,,,,,,,,,,,,,,,,,,,
2023-Q2,Australian Capital Territory,232641,238699,471340,697,1526,-68,,,,,,,,,,,,,,,,,,,,,,,,,,,,,,,,,,,,,,,,,
2023-Q2,New South Wales,4158499,4197888,8356387,7782,39592,-8316,,,,,,,,,,,,,,,,,,,,,,,,,,,,,,,,,,,,,,,,,
2023-Q2,Northern Territory,131882,125626,257508,605,1178,-741,,,,,,,,,,,,,,,,,,,,,,,,,,,,,,,,,,,,,,,,,
2023-Q2,Queensland,2699135,2751100,5450235,5402,21369,7678,,,,,,,,,,,,,,,,,,,,,,,,,,,,,,,,,,,,,,,,,
2023-Q2,South Australia,919041,938605,1857646,526,6324,-218,,,,,,,,,,,,,,,,,,,,,,,,,,,,,,,,,,,,,,,,,
2023-Q2,Tasmania,284622,289109,573731,17,995,-1117,,,,,,,,,,,,,,,,,,,,,,,,,,,,,,,,,,,,,,,,,
2023-Q2,Victoria,3358839,3438330,6797169,6883,34234,-1199,,,,,,,,,,,,,,,,,,,,,,,,,,,,,,,,,,,,,,,,,
2023-Q2,Western Australia,1451838,1439098,2890936,3214,15263,3981,,,,,,,,,,,,,,,,,,,,,,,,,,,,,,,,,,,,,,,,,
2023-Q3,Australian Capital Territory,233701,240116,473817,733,2455,-711,,,,,,,,,,,,,,,,,,,,,,,,,,,,,,,,,,,,,,,,,
2023-Q3,New South Wales,4184214,4222124,8406338,8065,48630,-6744,,,,,,,,,,,,,,,,,,,,,,,,,,,,,,,,,,,,,,,,,
2023-Q3,Northern Territory,132549,125994,258543,494,1116,-575,,,,,,,,,,,,,,,,,,,,,,,,,,,,,,,,,,,,,,,,,
2023-Q3,Queensland,2717323,2768651,5485974,5471,23093,7175,,,,,,,,,,,,,,,,,,,,,,,,,,,,,,,,,,,,,,,,,
2023-Q3,South Australia,923179,942581,1865760,638,7847,-371,,,,,,,,,,,,,,,,,,,,,,,,,,,,,,,,,,,,,,,,,
2023-Q3,Tasmania,284665,289154,573819,57,980,-949,,,,,,,,,,,,,,,,,,,,,,,,,,,,,,,,,,,,,,,,,
2023-Q3,Victoria,3382750,3462916,6845666,7394,42225,-1122,,,,,,,,,,,,,,,,,,,,,,,,,,,,,,,,,,,,,,,,,
2023-Q3,Western Australia,1465419,1450803,2916222,3184,18805,3297,,,,,,,,,,,,,,,,,,,,,,,,,,,,,,,,,,,,,,,,,
2023-Q4,Australian Capital Territory,233995,240867,474862,621,866,-442,,,,,,,,,,,,,,,,,,,,,,,,,,,,,,,,,,,,,,,,,
2023-Q4,New South Wales,4198713,4238621,8437334,7931,31492,-8427,,,,,,,,,,,,,,,,,,,,,,,,,,,,,,,,,,,,,,,,,
2023-Q4,Northern Territory,132950,126193,259143,482,936,-818,,,,,,,,,,,,,,,,,,,,,,,,,,,,,,,,,,,,,,,,,
2023-Q4,Queensland,2732292,2784184,5516476,5136,16360,9006,,,,,,,,,,,,,,,,,,,,,,,,,,,,,,,,,,,,,,,,,
2023-Q4,South Australia,925497,945440,1870937,803,4911,-537,,,,,,,,,,,,,,,,,,,,,,,,,,,,,,,,,,,,,,,,,
2023-Q4,Tasmania,284789,289425,574214,169,1357,-1131,,,,,,,,,,,,,,,,,,,,,,,,,,,,,,,,,,,,,,,,,
2023-Q4,Victoria,3399523,3481545,6881068,7620,29175,-1393,,,,,,,,,,,,,,,,,,,,,,,,,,,,,,,,,,,,,,,,,
2023-Q4,Western Australia,1476429,1461218,2937647,3318,14365,3742,,,,,,,,,,,,,,,,,,,,,,,,,,,,,,,,,,,,,,,,,
2024-Q1,Australian Capital Territory,235176,242353,477529,804,2199,-336,,,,,,,,,,,,,,,,,,,,,,,,,,,,,,,,,,,,,,,,,
2024-Q1,New South Wales,4218498,4258903,8477401,8868,38262,-7063,,,,,,,,,,,,,,,,,,,,,,,,,,,,,,,,,,,,,,,,,
2024-Q1,Northern Territory,133364,126603,259967,633,958,-767,,,,,,,,,,,,,,,,,,,,,,,,,,,,,,,,,,,,,,,,,
2024-Q1,Queensland,2748050,2800782,5548832,5175,21018,6163,,,,,,,,,,,,,,,,,,,,,,,,,,,,,,,,,,,,,,,,,
2024-Q1,South Australia,929337,949318,1878655,939,7296,-517,,,,,,,,,,,,,,,,,,,,,,,,,,,,,,,,,,,,,,,,,
2024-Q1,Tasmania,285268,289697,574965,130,1280,-659,,,,,,,,,,,,,,,,,,,,,,,,,,,,,,,,,,,,,,,,,
2024-Q1,Victoria,3421700,3506834,6928534,7957,39954,-445,,,,,,,,,,,,,,,,,,,,,,,,,,,,,,,,,,,,,,,,,
2024-Q1,Western Australia,1489410,1473241,2962651,3649,17731,3624,,,,,,,,,,,,,,,,,,,,,,,,,,,,,,,,,,,,,,,,,
2024-Q2,Australian Capital Territory,235484,242946,478430,635,344,-78,,,,,,,,,,,,,,,,,,,,,,,,,,,,,,,,,,,,,,,,,
2024-Q2,New South Wales,4225966,4266084,8492050,7429,14731,-7511,,,,,,,,,,,,,,,,,,,,,,,,,,,,,,,,,,,,,,,,,
2024-Q2,Northern Territory,133947,126937,260884,516,757,-356,,,,,,,,,,,,,,,,,,,,,,,,,,,,,,,,,,,,,,,,,
2024-Q2,Queensland,2759653,2812237,5571890,5183,11262,6613,,,,,,,,,,,,,,,,,,,,,,,,,,,,,,,,,,,,,,,,,
2024-Q2,South Australia,930989,951175,1882164,557,3293,-341,,,,,,,,,,,,,,,,,,,,,,,,,,,,,,,,,,,,,,,,,
2024-Q2,Tasmania,285169,289596,574765,-57,527,-670,,,,,,,,,,,,,,,,,,,,,,,,,,,,,,,,,,,,,,,,,
2024-Q2,Victoria,3432367,3518594,6950961,7182,16527,-1282,,,,,,,,,,,,,,,,,,,,,,,,,,,,,,,,,,,,,,,,,
2024-Q2,Western Australia,1497454,1480693,2978147,3500,8371,3625,,,,,,,,,,,,,,,,,,,,,,,,,,,,,,,,,,,,,,,,,
2024-Q3,Australian Capital Territory,235849,243920,479769,627,1139,-427,,,,,,,,,,,,,,,,,,,,,,,,,,,,,,,,,,,,,,,,,
2024-Q3,New South Wales,4239370,4279614,8518984,6233,26279,-5578,,,,,,,,,,,,,,,,,,,,,,,,,,,,,,,,,,,,,,,,,
2024-Q3,Northern Territory,134555,127172,261727,530,870,-557,,,,,,,,,,,,,,,,,,,,,,,,,,,,,,,,,,,,,,,,,
2024-Q3,Queensland,2771134,2824161,5595295,4469,13374,5562,,,,,,,,,,,,,,,,,,,,,,,,,,,,,,,,,,,,,,,,,
2024-Q3,South Australia,933594,953482,1887076,128,5030,-246,,,,,,,,,,,,,,,,,,,,,,,,,,,,,,,,,,,,,,,,,
2024-Q3,Tasmania,285186,289882,575068,-80,736,-353,,,,,,,,,,,,,,,,,,,,,,,,,,,,,,,,,,,,,,,,,
2024-Q3,Victoria,3446941,3535398,6982339,9689,22510,-821,,,,,,,,,,,,,,,,,,,,,,,,,,,,,,,,,,,,,,,,,
2024-Q3,Western Australia,1506853,1489052,2995905,3641,11697,2420,,,,,,,,,,,,,,,,,,,,,,,,,,,,,,,,,,,,,,,,,
2024-Q4,Australian Capital Territory,236195,244859,481054,705,707,-127,,,,,,,,,,,,,,,,,,,,,,,,,,,,,,,,,,,,,,,,,
2024-Q4,New South Wales,4247233,4289659,8536892,7407,18467,-7966,,,,,,,,,,,,,,,,,,,,,,,,,,,,,,,,,,,,,,,,,
2024-Q4,Northern Territory,135074,127479,262553,477,903,-554,,,,,,,,,,,,,,,,,,,,,,,,,,,,,,,,,,,,,,,,,
2024-Q4,Queensland,2782864,2836670,5619534,4607,12030,7602,,,,,,,,,,,,,,,,,,,,,,,,,,,,,,,,,,,,,,,,,
2024-Q4,South Australia,935638,955727,1891365,729,4038,-478,,,,,,,,,,,,,,,,,,,,,,,,,,,,,,,,,,,,,,,,,
2024-Q4,Tasmania,285393,290082,575475,74,1098,-765,,,,,,,,,,,,,,,,,,,,,,,,,,,,,,,,,,,,,,,,,
2024-Q4,Victoria,3457529,3548467,7005996,6492,17820,-655,,,,,,,,,,,,,,,,,,,,,,,,,,,,,,,,,,,,,,,,,
2024-Q4,Western Australia,1514108,1496158,3010266,2602,8816,2943,,,,,,,,,,,,,,,,,,,,,,,,,,,,,,,,,,,,,,,,,
2025-Q1,Australian Capital Territory,237023,246301,483324,700,2188,-618,,,,,,,,,,,,,,,,,,,,,,,,,,,,,,,,,,,,,,,,,
2025-Q1,New South Wales,4265592,4308472,8574064,10548,32129,-5505,,,,,,,,,,,,,,,,,,,,,,,,,,,,,,,,,,,,,,,,,
2025-Q1,Northern Territory,135826,128036,263862,531,1186,-408,,,,,,,,,,,,,,,,,,,,,,,,,,,,,,,,,,,,,,,,,
2025-Q1,Queensland,2797243,2851021,5648264,5827,18665,4238,,,,,,,,,,,,,,,,,,,,,,,,,,,,,,,,,,,,,,,,,
2025-Q1,South Australia,939456,959525,1898981,1240,6781,-405,,,,,,,,,,,,,,,,,,,,,,,,,,,,,,,,,,,,,,,,,
2025-Q1,Tasmania,285616,290451,576067,242,779,-429,,,,,,,,,,,,,,,,,,,,,,,,,,,,,,,,,,,,,,,,,
2025-Q1,Victoria,3478839,3571731,7050570,10367,33767,440,,,,,,,,,,,,,,,,,,,,,,,,,,,,,,,,,,,,,,,,,
2025-Q1,Western Australia,1525048,1506260,3031308,4719,13636,2687,,,,,,,,,,,,,,,,,,,,,,,,,,,,,,,,,,,,,,,,,
2025-Q2,Australian Capital Territory,237604,247026,484630,850,785,-329,,,,,,,,,,,,,,,,,,,,,,,,,,,,,,,,,,,,,,,,,
2025-Q2,New South Wales,4274825,4317699,8592524,10388,13351,-5279,,,,,,,,,,,,,,,,,,,,,,,,,,,,,,,,,,,,,,,,,
2025-Q2,Northern Territory,136264,128292,264556,486,794,-586,,,,,,,,,,,,,,,,,,,,,,,,,,,,,,,,,,,,,,,,,
2025-Q2,Queensland,2808163,2861601,5669764,5703,11604,4193,,,,,,,,,,,,,,,,,,,,,,,,,,,,,,,,,,,,,,,,,
2025-Q2,South Australia,941272,961393,1902665,630,3220,-166,,,,,,,,,,,,,,,,,,,,,,,,,,,,,,,,,,,,,,,,,
2025-Q2,Tasmania,285671,290590,576261,114,410,-330,,,,,,,,,,,,,,,,,,,,,,,,,,,,,,,,,,,,,,,,,
2025-Q2,Victoria,3489957,3583902,7073859,9968,13062,259,,,,,,,,,,,,,,,,,,,,,,,,,,,,,,,,,,,,,,,,,
2025-Q2,Western Australia,1531884,1512498,3044382,3928,6908,2238,,,,,,,,,,,,,,,,,,,,,,,,,,,,,,,,,,,,,,,,,
2025-Q3,Australian Capital Territory,238287,247944,486231,643,1570,-612,,,,,,,,,,,,,,,,,,,,,,,,,,,,,,,,,,,,,,,,,
2025-Q3,New South Wales,4291069,4333465,8624534,7671,28942,-4603,,,,,,,,,,,,,,,,,,,,,,,,,,,,,,,,,,,,,,,,,
2025-Q3,Northern Territory,136855,128602,265457,455,994,-548,,,,,,,,,,,,,,,,,,,,,,,,,,,,,,,,,,,,,,,,,
2025-Q3,Queensland,2819820,2872822,5692642,5050,14769,3059,,,,,,,,,,,,,,,,,,,,,,,,,,,,,,,,,,,,,,,,,
2025-Q3,South Australia,944311,963871,1908182,158,5336,23,,,,,,,,,,,,,,,,,,,,,,,,,,,,,,,,,,,,,,,,,
2025-Q3,Tasmania,285790,290869,576659,-125,643,-120,,,,,,,,,,,,,,,,,,,,,,,,,,,,,,,,,,,,,,,,,
2025-Q3,Victoria,3505107,3599242,7104349,5968,24125,397,,,,,,,,,,,,,,,,,,,,,,,,,,,,,,,,,,,,,,,,,
,,,,,,,,,,,,,,,,,,,,,,,,,,,,,,,,,,,,,,,,,,,,,,,,
,,,,,,,,,,,,,,,,,,,,,,,,,,,,,,,,,,,,,,,,,,,,,,,,
,,,,,,,,,,,,,,,,,,,,,,,,,,,,,,,,,,,,,,,,,,,,,,,,
,,,,,,,,,,,,,,,,,,,,,,,,,,,,,,,,,,,,,,,,,,,,,,,,
,,,,,,,,,,,,,,,,,,,,,,,,,,,,,,,,,,,,,,,,,,,,,,,,
,,,,,,,,,,,,,,,,,,,,,,,,,,,,,,,,,,,,,,,,,,,,,,,,
,,,,,,,,,,,,,,,,,,,,,,,,,,,,,,,,,,,,,,,,,,,,,,,,
,,,,,,,,,,,,,,,,,,,,,,,,,,,,,,,,,,,,,,,,,,,,,,,,
,,,,,,,,,,,,,,,,,,,,,,,,,,,,,,,,,,,,,,,,,,,,,,,,
,,,,,,,,,,,,,,,,,,,,,,,,,,,,,,,,,,,,,,,,,,,,,,,,
,,,,,,,,,,,,,,,,,,,,,,,,,,,,,,,,,,,,,,,,,,,,,,,,
,,,,,,,,,,,,,,,,,,,,,,,,,,,,,,,,,,,,,,,,,,,,,,,,
,,,,,,,,,,,,,,,,,,,,,,,,,,,,,,,,,,,,,,,,,,,,,,,,
,,,,,,,,,,,,,,,,,,,,,,,,,,,,,,,,,,,,,,,,,,,,,,,,
,,,,,,,,,,,,,,,,,,,,,,,,,,,,,,,,,,,,,,,,,,,,,,,,
,,,,,,,,,,,,,,,,,,,,,,,,,,,,,,,,,,,,,,,,,,,,,,,,
,,,,,,,,,,,,,,,,,,,,,,,,,,,,,,,,,,,,,,,,,,,,,,,,
,,,,,,,,,,,,,,,,,,,,,,,,,,,,,,,,,,,,,,,,,,,,,,,,
,,,,,,,,,,,,,,,,,,,,,,,,,,,,,,,,,,,,,,,,,,,,,,,,
,,,,,,,,,,,,,,,,,,,,,,,,,,,,,,,,,,,,,,,,,,,,,,,,
,,,,,,,,,,,,,,,,,,,,,,,,,,,,,,,,,,,,,,,,,,,,,,,,
,,,,,,,,,,,,,,,,,,,,,,,,,,,,,,,,,,,,,,,,,,,,,,,,
,,,,,,,,,,,,,,,,,,,,,,,,,,,,,,,,,,,,,,,,,,,,,,,,
,,,,,,,,,,,,,,,,,,,,,,,,,,,,,,,,,,,,,,,,,,,,,,,,
,,,,,,,,,,,,,,,,,,,,,,,,,,,,,,,,,,,,,,,,,,,,,,,,
,,,,,,,,,,,,,,,,,,,,,,,,,,,,,,,,,,,,,,,,,,,,,,,,
,,,,,,,,,,,,,,,,,,,,,,,,,,,,,,,,,,,,,,,,,,,,,,,,
,,,,,,,,,,,,,,,,,,,,,,,,,,,,,,,,,,,,,,,,,,,,,,,,
,,,,,,,,,,,,,,,,,,,,,,,,,,,,,,,,,,,,,,,,,,,,,,,,
,,,,,,,,,,,,,,,,,,,,,,,,,,,,,,,,,,,,,,,,,,,,,,,,
,,,,,,,,,,,,,,,,,,,,,,,,,,,,,,,,,,,,,,,,,,,,,,,,
,,,,,,,,,,,,,,,,,,,,,,,,,,,,,,,,,,,,,,,,,,,,,,,,
,,,,,,,,,,,,,,,,,,,,,,,,,,,,,,,,,,,,,,,,,,,,,,,,
,,,,,,,,,,,,,,,,,,,,,,,,,,,,,,,,,,,,,,,,,,,,,,,,
,,,,,,,,,,,,,,,,,,,,,,,,,,,,,,,,,,,,,,,,,,,,,,,,
,,,,,,,,,,,,,,,,,,,,,,,,,,,,,,,,,,,,,,,,,,,,,,,,
,,,,,,,,,,,,,,,,,,,,,,,,,,,,,,,,,,,,,,,,,,,,,,,,
,,,,,,,,,,,,,,,,,,,,,,,,,,,,,,,,,,,,,,,,,,,,,,,,
,,,,,,,,,,,,,,,,,,,,,,,,,,,,,,,,,,,,,,,,,,,,,,,,
,,,,,,,,,,,,,,,,,,,,,,,,,,,,,,,,,,,,,,,,,,,,,,,,
,,,,,,,,,,,,,,,,,,,,,,,,,,,,,,,,,,,,,,,,,,,,,,,,
,,,,,,,,,,,,,,,,,,,,,,,,,,,,,,,,,,,,,,,,,,,,,,,,
,,,,,,,,,,,,,,,,,,,,,,,,,,,,,,,,,,,,,,,,,,,,,,,,
,,,,,,,,,,,,,,,,,,,,,,,,,,,,,,,,,,,,,,,,,,,,,,,,
,,,,,,,,,,,,,,,,,,,,,,,,,,,,,,,,,,,,,,,,,,,,,,,,
,,,,,,,,,,,,,,,,,,,,,,,,,,,,,,,,,,,,,,,,,,,,,,,,
,,,,,,,,,,,,,,,,,,,,,,,,,,,,,,,,,,,,,,,,,,,,,,,,
,,,,,,,,,,,,,,,,,,,,,,,,,,,,,,,,,,,,,,,,,,,,,,,,
,,,,,,,,,,,,,,,,,,,,,,,,,,,,,,,,,,,,,,,,,,,,,,,,
,,,,,,,,,,,,,,,,,,,,,,,,,,,,,,,,,,,,,,,,,,,,,,,,
2025-Q3,Western Australia,1541187,1520485,3061672,3449,11437,2404,,,,,,,,,,,,,,,,,,,,,,,,,,,,,,,,,,,,,,,,,